{"cameraMode":{"drawMode":0,"name":"Shaded","section":"Shading Mode"},"sceneLighting":true,"audioPlay":false,"sceneViewState":{"m_AlwaysRefresh":false,"showFog":true,"showSkybox":false,"showFlares":true,"showImageEffects":true,"showParticleSystems":true,"showVisualEffectGraphs":true,"m_FxEnabled":false},"in2DMode":false,"pivot":{"x":-1.3118507862091065,"y":7.044696807861328,"z":-9.465456008911133},"rotation":{"x":-0.0008012407924979925,"y":0.998729944229126,"z":0.04766598716378212,"w":0.016781385987997056},"size":15.661561012268067,"orthographic":false}